"0","82","1461","2200","4","2","True","False"
"1","26","334","1215","53","8","False","False"
"2","87","1556","1752","43","9","True","False"
"3","78","1852","389","31","7","True","False"
"4","84","1198","331","29","8","False","False"
"5","42","334","1834","53","5","False","True"
"6","62","1397","2809","22","6","False","True"
"7","41","1742","2884","92","3","False","True"
"8","51","1663","2028","27","3","False","True"
"9","60","1736","1766","53","10","False","True"
"10","18","574","2955","25","8","False","False"
"11","30","1567","166","58","5","True","False"
"12","1","1394","1917","73","3","False","False"
"13","34","939","2307","41","3","False","True"
"14","7","1364","875","16","1","False","True"
"15","59","460","1419","52","3","False","True"
"16","16","71","2371","22","5","False","True"
"17","17","371","2377","44","3","True","True"
"18","27","550","561","3","10","True","True"
"19","5","252","1619","6","3","False","False"
"20","81","896","134","66","10","False","True"
"21","30","390","2109","70","3","True","False"
"22","37","1342","593","54","6","False","True"
"23","34","1063","1251","39","9","False","True"
"24","49","173","884","58","7","False","False"
"25","91","1742","109","32","7","True","False"
"26","67","1530","1696","13","4","True","True"
"27","36","352","2259","1","10","False","True"
"28","73","6","899","10","10","True","True"
"29","41","1367","2020","56","6","True","True"
"30","84","1388","1621","86","6","False","True"
"31","13","1209","1614","47","9","False","False"
"32","50","185","2358","47","10","True","True"
"33","50","1878","418","11","5","True","True"
"34","81","1602","851","40","2","False","False"
"35","38","1313","209","68","4","True","True"
"36","51","741","205","91","6","False","True"
"37","32","113","632","94","2","True","True"
"38","38","263","2384","51","3","False","False"
"39","80","102","1672","82","6","True","False"
"40","55","106","1744","67","6","False","True"
"41","38","1243","1636","73","1","False","False"
"42","97","1897","431","81","5","True","True"
"43","10","355","1970","73","5","True","False"
"44","90","708","1695","11","10","False","False"
"45","90","253","2189","55","10","False","True"
"46","53","1765","483","39","10","True","True"
"47","38","153","1718","76","8","False","True"
"48","55","785","1648","12","7","False","True"
"49","38","1820","2851","99","9","False","False"
"50","35","510","1059","77","8","False","False"
"51","91","193","644","96","8","True","False"
"52","88","664","81","66","8","False","True"
"53","43","772","2075","12","9","False","False"
"54","13","1547","734","23","3","True","True"
"55","42","1949","782","31","7","True","False"
"56","75","1952","1293","60","2","True","False"
"57","95","770","2920","33","4","False","False"
"58","4","1821","2600","63","7","True","True"
"59","14","692","729","32","1","False","True"
"60","96","1","1706","42","2","False","False"
"61","82","1351","2008","35","5","True","False"
"62","78","825","2861","56","7","False","False"
"63","59","1897","1686","83","1","True","True"
"64","73","842","1456","65","1","True","False"
"65","28","54","278","2","2","False","False"
"66","81","458","2809","88","10","False","True"
"67","98","1196","1791","44","3","False","True"
"68","10","13","883","23","8","False","True"
"69","86","1526","643","83","7","True","False"
"70","24","1212","982","20","10","True","True"
"71","52","1573","2326","60","3","False","True"
"72","77","719","453","73","10","False","True"
"73","34","507","1097","89","9","True","True"
"74","33","1313","114","81","3","True","False"
"75","41","149","631","13","6","False","False"
"76","4","963","446","55","9","False","True"
"77","61","1656","1463","87","4","True","True"
"78","73","1429","1229","74","1","False","False"
"79","4","1078","860","88","7","True","True"
"80","93","1609","382","69","9","False","True"
"81","11","1663","2072","11","1","True","True"
"82","89","1968","1373","70","8","True","True"
"83","5","325","1449","51","1","False","True"
"84","6","1301","466","57","8","True","False"
"85","33","1390","2148","78","5","False","True"
"86","22","1980","1010","67","7","False","False"
"87","92","1943","2228","11","6","False","False"
"88","38","895","2419","92","2","False","True"
"89","30","312","184","51","6","False","True"
"90","37","499","2970","46","8","True","False"
"91","16","241","252","92","2","False","False"
"92","35","849","2108","58","2","True","True"
"93","27","312","2106","64","2","False","True"
"94","89","1483","2959","19","8","True","True"
"95","53","652","1426","65","3","True","False"
"96","39","1163","39","13","7","False","True"
"97","62","689","2042","73","3","True","False"
"98","28","637","2080","60","5","True","True"
"99","43","429","2250","76","3","False","True"
"100","82","963","911","15","2","False","False"
"101","85","1144","2887","0","2","True","False"
"102","11","451","193","78","7","False","True"
"103","36","570","1463","7","5","True","False"
"104","22","454","2351","2","1","True","True"
"105","37","383","705","71","6","False","True"
"106","88","553","439","33","1","True","True"
"107","91","513","2645","19","7","False","False"
"108","59","788","1521","5","5","False","False"
"109","52","1908","591","89","1","False","True"
"110","26","659","230","31","9","True","True"
"111","14","1086","1668","10","2","False","True"
"112","77","1193","252","38","4","False","True"
"113","11","1357","62","65","1","False","True"
"114","9","304","807","60","2","True","False"
"115","14","1537","2899","57","6","False","False"
"116","54","401","447","70","7","False","False"
"117","94","1122","2426","22","8","True","True"
"118","80","1436","2441","10","5","True","False"
"119","26","578","1865","69","10","False","False"
"120","49","446","627","31","7","False","False"
"121","15","1538","1096","17","6","False","False"
"122","23","93","1477","36","1","False","True"
"123","88","987","2452","7","8","True","False"
"124","66","1855","1309","2","2","False","True"
"125","98","510","1364","24","3","False","False"
"126","7","494","2288","10","10","True","False"
"127","59","1764","1475","94","4","True","True"
"128","11","753","815","42","7","True","True"
"129","77","825","241","65","3","False","True"
"130","50","237","1164","31","8","False","False"
"131","92","732","6","95","7","False","False"
"132","32","843","4","51","1","True","False"
"133","83","832","1727","50","7","True","False"
"134","83","3","2819","55","3","False","True"
"135","12","1118","2053","69","4","True","True"
"136","27","1803","1552","44","5","False","False"
"137","45","1511","2970","3","6","False","False"
"138","5","1231","2516","70","8","False","True"
"139","89","238","2933","74","2","True","False"
"140","83","1979","649","69","8","True","True"
"141","84","41","1768","92","10","False","True"
"142","26","1302","2475","8","10","False","True"
"143","2","240","1651","74","2","True","True"
"144","96","108","1761","90","4","False","False"
"145","88","1858","2817","22","9","False","False"
"146","92","703","2365","28","9","True","True"
"147","25","1088","1890","44","6","True","True"
"148","19","1357","1587","41","7","True","True"
"149","59","879","2941","4","7","False","True"
"150","5","1845","670","43","10","False","False"
"151","79","1350","2000","11","8","True","True"
"152","45","359","1650","56","10","False","False"
"153","38","1192","857","34","2","True","True"
"154","95","217","1836","27","1","True","True"
"155","35","1905","1889","41","4","False","True"
"156","45","1144","419","85","6","True","True"
"157","0","583","2232","21","7","True","True"
"158","5","117","577","6","9","False","False"
"159","55","321","416","50","10","True","True"
"160","26","108","1523","72","9","True","False"
"161","98","446","2032","64","9","False","True"
"162","62","507","1578","10","4","False","False"
"163","97","1171","2519","12","8","True","True"
"164","84","690","68","17","2","True","True"
"165","68","1458","277","29","5","True","True"
"166","27","1606","1363","23","4","True","True"
"167","71","54","1246","97","4","True","True"
"168","89","1665","2695","96","5","True","True"
"169","90","1557","853","32","7","False","True"
"170","38","1001","1600","88","6","True","True"
"171","33","1196","199","29","7","False","False"
"172","54","533","174","84","2","True","True"
"173","78","1292","2967","89","5","False","True"
"174","86","1227","358","69","6","False","False"
"175","6","149","2347","24","1","False","False"
"176","26","1995","1992","43","7","True","False"
"177","65","1853","1072","94","6","False","True"
"178","28","1585","824","64","6","False","False"
"179","99","1912","1696","82","5","False","False"
"180","37","1485","186","88","9","True","True"
"181","9","179","1076","48","8","True","False"
"182","13","1757","1883","40","6","True","False"
"183","79","760","2357","27","1","False","True"
"184","34","1898","206","21","2","True","True"
"185","33","1201","2332","79","4","False","True"
"186","15","1524","1841","23","4","False","False"
"187","22","4","1897","13","4","True","False"
"188","18","306","1492","84","2","False","True"
"189","12","1656","1366","20","7","False","True"
"190","24","1820","442","56","5","False","True"
"191","97","1932","305","79","7","False","True"
"192","76","1878","1339","72","2","False","True"
"193","62","507","2336","74","7","True","True"
"194","37","1954","1025","1","1","False","False"
"195","16","80","1904","95","6","False","True"
"196","24","1680","71","27","3","False","True"
"197","86","1366","116","60","6","True","False"
"198","10","1686","2396","58","4","False","True"
"199","37","1778","2192","43","10","False","False"
"200","33","201","958","97","10","False","False"
"201","54","1523","2325","46","5","False","False"
"202","50","1322","589","12","5","False","True"
"203","12","1976","1557","74","4","False","True"
"204","8","1698","523","96","8","True","True"
"205","39","1351","1833","31","1","False","True"
"206","39","1896","1030","41","5","False","False"
"207","38","299","1885","31","4","True","True"
"208","35","1774","2351","77","6","False","True"
"209","35","1951","1286","82","5","True","False"
"210","91","347","639","51","3","True","False"
"211","84","494","2405","33","5","True","False"
"212","28","1138","1190","46","4","False","False"
"213","79","1267","1052","77","2","False","False"
"214","13","1316","25","47","2","True","True"
"215","14","1855","1079","9","9","False","True"
"216","96","1472","1917","94","1","True","False"
"217","39","680","1119","29","2","True","True"
"218","0","333","2110","22","4","False","False"
"219","59","1443","290","57","6","True","True"
"220","7","446","68","41","2","True","False"
"221","96","836","2801","78","7","False","False"
"222","79","1018","1876","17","3","False","False"
"223","59","1451","1747","93","9","True","True"
"224","39","381","270","10","5","True","False"
"225","0","1995","1258","21","3","False","True"
"226","36","124","2061","7","10","True","False"
"227","70","1454","1375","86","6","True","False"
"228","62","682","2360","14","1","False","False"
"229","80","1504","357","6","2","False","True"
"230","26","883","2439","46","8","False","False"
"231","60","59","2950","89","1","True","False"
"232","41","1870","2383","95","10","False","False"
"233","92","1889","201","73","3","False","True"
"234","4","1797","1584","37","4","False","False"
"235","65","1606","2936","69","1","True","True"
"236","57","591","1005","95","8","False","True"
"237","75","1422","1820","48","2","True","True"
"238","22","1941","1798","86","10","False","False"
"239","71","513","878","78","5","True","True"
"240","96","1423","942","62","2","False","True"
"241","56","963","2397","91","2","False","True"
"242","68","15","2396","72","5","False","True"
"243","73","1201","2756","14","4","True","True"
"244","15","1203","971","25","10","True","False"
"245","33","918","1067","47","7","False","False"
"246","31","1371","744","95","1","False","False"
"247","68","1152","1197","90","7","True","True"
"248","62","826","1076","55","5","True","True"
"249","93","1256","1023","1","1","False","False"
"250","98","961","339","76","7","True","False"
"251","68","1857","1649","74","7","True","False"
"252","2","1039","2707","82","2","False","False"
"253","23","753","2538","18","8","True","True"
"254","56","1351","1823","87","6","True","True"
"255","88","928","521","85","2","False","True"
"256","50","45","2630","44","9","False","False"
"257","73","1391","618","67","2","True","False"
"258","31","1204","2184","79","10","False","True"
"259","57","439","890","41","8","False","True"
"260","48","1505","624","41","4","True","False"
"261","85","473","1694","65","9","False","False"
"262","20","1428","1092","65","2","False","True"
"263","66","1318","2003","7","4","False","False"
"264","57","696","1263","5","8","False","False"
"265","96","942","1991","84","1","True","False"
"266","21","274","147","54","5","True","True"
"267","80","141","2240","35","6","True","False"
"268","21","1698","989","11","9","False","False"
"269","2","1723","1437","96","10","True","False"
"270","90","798","1323","80","7","True","False"
"271","81","1557","868","48","1","False","False"
"272","94","836","78","83","3","True","False"
"273","93","757","1748","86","9","True","False"
"274","62","220","2350","90","5","False","True"
"275","36","704","2604","55","10","True","False"
"276","18","1855","2988","13","9","False","False"
"277","77","608","1011","30","6","True","False"
"278","5","689","683","95","5","False","False"
"279","94","1581","1063","9","4","False","True"
"280","23","656","2675","31","5","False","True"
"281","0","390","891","87","2","True","True"
"282","20","263","1263","42","4","False","True"
"283","61","1161","1088","27","10","False","False"
"284","3","957","1791","97","7","False","False"
"285","47","672","2534","89","2","True","True"
"286","88","1053","727","94","4","False","True"
"287","15","703","1872","65","6","True","True"
"288","25","1676","1126","77","4","True","True"
"289","44","429","1083","14","2","False","False"
"290","32","141","2122","59","8","False","False"
"291","77","41","1750","39","7","True","False"
"292","49","474","2891","79","6","False","True"
"293","88","1203","1227","30","6","True","False"
"294","31","1396","1137","75","7","True","True"
"295","75","879","2754","16","9","False","False"
"296","89","1081","679","22","7","False","True"
"297","63","226","2328","23","3","False","True"
"298","37","325","2559","55","8","True","True"
"299","75","721","1523","24","7","False","False"
"300","30","752","1712","90","9","True","False"
"301","13","1390","1205","79","6","True","True"
"302","61","1219","1107","32","9","True","True"
"303","62","1908","2052","46","5","True","False"
"304","83","1040","1128","11","5","False","True"
"305","3","1480","2105","60","8","True","False"
"306","17","155","792","88","10","True","False"
"307","60","790","1354","70","3","True","False"
"308","56","354","395","60","1","False","False"
"309","71","261","1261","35","8","False","False"
"310","54","457","1636","53","7","True","True"
"311","43","1021","264","13","5","True","True"
"312","94","1731","534","48","2","True","True"
"313","78","1865","1100","30","8","False","False"
"314","10","767","1648","0","6","True","False"
"315","19","334","1346","50","7","True","False"
"316","48","245","494","57","8","False","False"
"317","9","947","667","22","7","True","True"
"318","98","338","1391","47","4","False","True"
"319","57","179","2937","64","4","True","True"
"320","43","1820","1687","31","5","False","True"
"321","28","1621","2348","18","3","True","False"
"322","54","965","1771","62","9","True","False"
"323","70","1386","732","94","8","False","True"
"324","54","698","612","17","5","True","False"
"325","74","1691","1753","65","3","True","True"
"326","24","1720","2384","19","6","False","True"
"327","9","949","1509","78","6","True","False"
"328","78","972","1877","58","6","True","False"
"329","9","429","1424","18","10","True","True"
"330","82","1426","1750","27","8","True","False"
"331","20","1357","993","72","10","True","True"
"332","14","84","2931","80","1","True","True"
"333","64","614","456","38","9","False","False"
"334","3","1733","1488","38","5","True","True"
"335","39","300","2385","94","8","False","True"
"336","44","1354","2911","47","7","False","False"
"337","31","917","2193","29","2","False","True"
"338","77","903","1449","39","7","True","True"
"339","76","1208","633","58","3","True","False"
"340","47","1687","437","31","6","True","True"
"341","23","799","828","18","6","False","False"
"342","55","1160","2038","44","8","True","True"
"343","76","498","90","28","4","False","False"
"344","78","866","943","79","3","False","False"
"345","34","381","1179","59","9","True","False"
"346","1","220","2359","16","1","False","True"
"347","74","621","998","22","4","True","True"
"348","64","286","443","72","3","True","False"
"349","73","71","626","99","2","False","False"
"350","91","849","1049","98","3","False","True"
"351","27","399","332","96","10","True","False"
"352","6","173","2171","29","9","False","False"
"353","99","1617","41","30","4","False","False"
"354","30","1096","540","15","3","True","True"
"355","29","1512","1875","19","1","False","False"
"356","32","1371","1780","87","7","False","False"
"357","43","404","814","31","10","False","False"
"358","6","878","1903","51","5","True","True"
"359","72","960","657","61","10","True","True"
"360","51","1107","933","42","3","True","False"
"361","54","1352","2263","21","8","False","False"
"362","33","248","1292","27","8","False","True"
"363","74","232","2737","68","9","True","False"
"364","96","445","2345","7","2","False","True"
"365","68","446","2534","40","1","False","False"
"366","16","1280","2197","68","1","False","False"
"367","81","451","1907","1","2","True","True"
"368","45","1463","2704","79","9","False","False"
"369","7","865","1560","94","4","True","False"
"370","70","124","183","71","2","False","False"
"371","86","237","2274","49","9","True","False"
"372","64","439","1039","86","5","False","True"
"373","52","1250","1177","91","6","True","False"
"374","56","865","334","73","8","True","False"
"375","77","1572","2909","83","1","False","True"
"376","49","1761","719","88","2","False","False"
"377","93","1812","751","86","1","False","False"
"378","82","485","2080","20","2","False","False"
"379","68","818","719","62","5","True","False"
"380","37","1343","1932","87","7","False","False"
"381","21","352","1501","46","5","True","True"
"382","2","1140","1994","64","5","False","True"
"383","49","1411","2499","81","8","True","True"
"384","7","149","363","2","8","True","True"
"385","14","1128","380","17","4","False","True"
"386","15","1873","2191","10","7","True","True"
"387","23","1147","1330","43","7","True","True"
"388","2","626","1392","86","9","True","True"
"389","71","1213","955","7","8","False","False"
"390","8","721","1845","75","3","True","False"
"391","69","586","1648","70","1","True","False"
"392","19","1267","1628","60","8","True","False"
"393","32","222","1076","85","7","True","True"
"394","25","1572","1852","48","5","True","True"
"395","78","1017","2654","16","6","True","True"
"396","35","1519","2357","24","7","True","True"
"397","78","1644","2670","6","10","True","False"
"398","6","332","663","19","6","True","False"
"399","6","719","340","10","7","False","True"
"400","43","1371","1488","1","5","False","True"
"401","64","559","2734","1","2","False","True"
"402","34","1471","2363","25","7","True","True"
"403","48","1515","767","83","6","True","False"
"404","71","1","289","21","8","True","False"
"405","40","499","1537","62","9","True","True"
"406","80","409","590","11","1","False","True"
"407","9","968","2552","83","7","False","True"
"408","36","550","206","52","9","True","False"
"409","12","449","1366","17","7","False","False"
"410","82","1623","1971","96","4","False","True"
"411","30","1490","2808","98","6","False","True"
"412","18","1581","2173","59","7","True","False"
"413","54","750","833","60","2","True","True"
"414","3","28","441","0","6","True","True"
"415","4","1954","1043","90","2","True","False"
"416","54","1118","2832","62","1","False","False"
"417","61","813","1263","74","9","True","True"
"418","34","239","51","51","5","True","True"
"419","17","334","837","67","9","True","True"
"420","88","586","890","96","10","True","False"
"421","39","1617","296","20","2","False","True"
"422","11","903","1927","20","7","True","False"
"423","99","916","1225","87","2","False","False"
"424","6","313","814","67","10","True","True"
"425","56","1264","2349","0","7","False","False"
"426","37","1940","2538","62","9","True","True"
"427","36","631","7","64","4","True","False"
"428","85","1968","2817","94","4","False","True"
"429","94","1858","1458","36","7","False","True"
"430","63","1471","2975","20","7","False","True"
"431","59","1122","1051","10","4","True","True"
"432","18","832","2988","65","2","False","False"
"433","63","21","384","3","10","False","False"
"434","48","286","2785","84","3","False","True"
"435","8","518","251","49","4","True","False"
"436","71","485","1958","19","2","True","True"
"437","53","1201","1924","1","7","False","True"
"438","45","1160","2486","22","5","True","False"
"439","16","1412","2625","99","5","False","False"
"440","8","101","1701","45","5","True","False"
"441","32","485","67","26","6","False","True"
"442","9","1967","1313","8","5","True","True"
"443","6","1739","2338","27","9","False","True"
"444","71","871","180","99","6","False","True"
"445","10","90","1752","41","8","False","True"
"446","93","1165","1565","3","7","True","False"
"447","79","918","2864","94","9","False","True"
"448","47","885","1818","49","6","False","True"
"449","41","1997","2122","12","2","True","False"
"450","97","1532","2048","62","2","True","True"
"451","11","1791","1621","79","6","False","False"
"452","96","1331","203","61","3","True","True"
"453","17","531","2791","56","8","True","False"
"454","0","1457","755","35","5","False","False"
"455","30","1053","231","57","9","True","True"
"456","57","473","932","17","6","True","False"
"457","21","918","1537","14","3","False","True"
"458","58","1951","1007","20","5","True","True"
"459","25","1181","2613","24","3","True","False"
"460","41","1350","239","34","3","False","False"
"461","53","1929","1566","37","6","True","True"
"462","26","315","2091","32","4","False","False"
"463","63","1515","591","20","10","False","True"
"464","6","1955","695","13","10","False","False"
"465","7","1010","166","36","8","False","True"
"466","38","960","2204","71","5","False","True"
"467","29","1371","146","31","5","False","True"
"468","53","1360","1535","72","6","False","False"
"469","10","1530","953","70","9","True","False"
"470","19","858","2636","71","1","False","True"
"471","50","1689","885","46","10","True","True"
"472","17","432","255","32","5","False","True"
"473","25","1040","866","80","7","False","False"
"474","76","1360","1059","46","3","False","True"
"475","37","327","2354","23","2","False","False"
"476","29","1829","297","89","8","True","False"
"477","48","1526","570","66","5","False","False"
"478","18","75","806","55","4","False","True"
"479","61","1702","517","86","6","False","False"
"480","14","1388","2197","62","8","True","False"
"481","81","19","745","47","1","True","True"
"482","72","758","588","42","6","False","False"
"483","94","1673","2536","72","6","True","False"
"484","55","466","599","83","9","True","True"
"485","71","1144","1779","90","8","False","True"
"486","95","643","278","94","1","True","False"
"487","58","261","2317","24","7","True","False"
"488","44","1017","1239","71","6","False","False"
"489","60","608","1830","21","5","False","True"
"490","80","1472","2744","24","7","False","False"
"491","66","1810","2284","96","1","False","True"
"492","76","973","2097","99","1","False","True"
"493","86","516","969","6","4","True","False"
"494","27","391","2679","5","6","True","True"
"495","77","1527","2792","44","9","False","True"
"496","0","467","1582","24","10","False","True"
"497","3","1782","2551","57","7","True","False"
"498","72","14","1449","19","1","False","True"
"499","34","154","2334","29","4","False","True"
"500","49","1872","2050","58","9","False","True"
"501","30","448","580","74","2","True","False"
"502","1","1756","825","98","4","False","False"
"503","91","1356","2299","57","7","False","False"
"504","4","1766","703","46","5","True","True"
"505","31","211","1185","39","1","False","False"
"506","76","1398","703","74","7","True","True"
"507","44","1560","2028","45","8","False","False"
"508","47","304","2458","8","7","False","False"
"509","26","1310","738","15","5","True","True"
"510","57","1574","198","18","5","True","True"
"511","33","840","2250","9","7","True","True"
"512","79","563","2012","42","7","True","False"
"513","56","553","2622","97","8","True","False"
"514","40","493","2936","22","1","False","False"
"515","23","378","126","97","2","True","True"
"516","46","733","1942","93","6","True","False"
"517","55","582","2133","71","4","True","False"
"518","57","974","930","78","10","False","False"
"519","95","1511","1675","56","7","True","True"
"520","63","646","2375","53","10","False","False"
"521","96","1621","1778","42","1","False","True"
"522","30","1597","942","64","5","False","False"
"523","78","1308","2504","47","1","False","False"
"524","91","967","765","0","8","True","True"
"525","45","1373","2567","42","3","False","False"
"526","44","352","1185","19","2","False","False"
"527","39","347","611","8","9","False","True"
"528","68","469","616","88","8","False","True"
"529","73","1345","1502","57","4","True","False"
"530","84","556","1211","47","8","True","True"
"531","80","1929","2844","10","10","True","True"
"532","70","247","2924","25","8","False","False"
"533","65","1098","2739","50","5","True","True"
"534","37","1606","1536","95","6","True","False"
"535","0","1536","1963","86","3","False","True"
"536","60","1441","916","57","2","True","False"
"537","77","608","2393","28","6","False","True"
"538","23","1385","2646","77","4","False","True"
"539","84","693","2325","20","6","True","False"
"540","61","1976","257","66","5","False","True"
"541","3","792","436","99","6","False","True"
"542","16","1435","1885","43","7","True","True"
"543","2","921","2273","23","6","False","False"
"544","13","1623","1946","81","7","False","True"
"545","90","1339","1007","70","2","True","False"
"546","67","719","1075","96","3","False","True"
"547","20","1413","1979","10","6","True","False"
"548","90","79","640","55","1","True","True"
"549","55","173","1950","98","6","False","True"
"550","63","278","535","0","4","False","True"
"551","11","798","1003","53","4","False","False"
"552","56","983","2847","47","3","False","True"
"553","68","240","2045","3","1","True","False"
"554","99","774","727","51","6","True","True"
"555","69","1947","2264","42","3","False","True"
"556","30","1905","2816","30","1","True","False"
"557","30","843","1431","47","10","False","True"
"558","83","1021","1631","53","5","True","False"
"559","16","1512","1215","61","9","True","True"
"560","67","1673","1652","61","10","True","True"
"561","59","614","1993","40","5","True","False"
"562","72","851","941","19","2","True","True"
"563","46","1426","252","36","2","False","False"
"564","41","767","1466","35","2","False","False"
"565","91","1663","1586","6","5","True","True"
"566","36","1489","2666","11","2","True","True"
"567","4","442","1280","87","5","True","False"
"568","4","983","554","2","7","False","True"
"569","17","1001","2698","78","8","True","False"
"570","67","640","2561","3","6","True","True"
"571","25","1440","625","52","2","False","False"
"572","73","15","609","44","10","False","True"
"573","52","10","458","3","7","True","True"
"574","55","766","1937","86","10","False","True"
"575","85","242","2970","9","4","False","True"
"576","34","1056","711","77","1","False","False"
"577","79","1310","293","92","7","True","True"
"578","62","1415","1076","37","1","False","False"
"579","1","556","539","5","10","False","True"
"580","56","340","950","89","8","False","True"
"581","28","41","26","79","8","True","False"
"582","32","399","892","15","4","True","True"
"583","32","1455","1108","50","1","True","True"
"584","79","1005","1729","52","4","True","True"
"585","16","583","877","0","6","True","False"
"586","69","1431","150","81","8","False","False"
"587","70","210","1801","36","2","True","True"
"588","28","838","451","4","3","True","False"
"589","35","494","1443","51","4","False","False"
"590","36","866","548","83","1","True","False"
"591","86","1505","167","28","7","False","True"
"592","46","1498","1887","95","7","False","True"
"593","10","473","1924","64","7","True","True"
"594","14","695","1029","66","6","False","True"
"595","14","1102","1179","65","7","True","False"
"596","67","604","2291","19","10","True","True"
"597","43","1955","352","85","6","False","False"
"598","32","917","1225","11","1","False","True"
"599","78","147","1279","71","3","True","True"
"600","11","12","2342","15","10","True","True"
"601","54","1008","2216","52","3","False","True"
"602","90","1538","148","32","6","False","False"
"603","88","631","673","57","5","True","True"
"604","14","342","1534","45","2","True","False"
"605","76","1309","147","4","6","False","False"
"606","2","1275","1814","70","3","True","False"
"607","15","205","1820","87","5","False","True"
"608","1","352","2823","63","9","False","True"
"609","85","1041","127","80","6","True","True"
"610","34","995","1612","25","7","True","True"
"611","15","1976","557","66","10","False","True"
"612","69","167","84","19","1","False","True"
"613","31","1285","2276","27","1","False","True"
"614","17","1493","1823","64","4","True","False"
"615","64","79","1333","79","7","True","True"
"616","46","347","1864","73","7","True","False"
"617","8","1789","476","36","3","True","True"
"618","59","1253","1744","47","6","False","True"
"619","27","878","1574","89","6","True","False"
"620","11","449","619","67","1","False","True"
"621","27","1671","1674","68","1","True","False"
"622","59","248","2619","10","3","True","True"
"623","74","1021","2983","69","5","True","False"
"624","14","1797","884","70","7","True","True"
"625","45","1357","497","29","2","False","True"
"626","40","6","732","31","9","False","True"
"627","57","1643","7","4","6","True","True"
"628","44","1353","2710","85","2","False","False"
"629","24","821","1001","18","7","True","True"
"630","41","586","486","42","2","True","True"
"631","0","1456","2935","5","3","False","False"
"632","47","1783","2498","23","1","False","False"
"633","20","21","2070","77","8","True","True"
"634","86","1220","1622","12","3","False","True"
"635","21","1082","916","3","5","True","False"
"636","9","386","2389","45","1","True","True"
"637","66","597","2812","71","6","True","True"
"638","73","1217","1591","29","10","False","True"
"639","36","1146","1344","73","10","False","False"
"640","61","238","1412","78","2","True","True"
"641","25","264","1577","6","7","True","False"
"642","55","688","1426","48","7","True","True"
"643","10","1386","514","94","6","False","True"
"644","42","649","666","69","2","True","True"
"645","30","1537","1244","55","6","False","False"
"646","53","1857","2218","15","3","False","False"
"647","57","1415","966","96","6","True","True"
"648","40","1986","1077","23","6","False","True"
"649","16","1042","905","33","10","True","False"
"650","79","1603","43","29","6","False","True"
"651","2","993","1618","28","5","False","False"
"652","80","1357","1478","10","6","False","True"
"653","0","664","1013","8","6","True","True"
"654","5","996","2450","97","5","True","False"
"655","41","790","2751","55","4","False","False"
"656","17","222","1699","71","7","False","False"
"657","25","247","2193","48","9","False","False"
"658","52","1901","190","70","1","True","False"
"659","15","130","1611","28","3","False","True"
"660","45","1153","587","85","7","False","True"
"661","87","1422","858","56","8","False","False"
"662","86","1586","2916","23","2","False","False"
"663","6","1301","1771","43","10","False","True"
"664","80","1923","1630","21","9","True","False"
"665","72","1267","2014","24","10","True","False"
"666","94","1494","448","94","2","True","False"
"667","24","20","2180","83","7","True","True"
"668","20","1661","1435","85","5","True","False"
"669","5","741","2675","30","5","True","True"
"670","69","1656","200","88","7","True","True"
"671","26","502","1997","31","6","True","False"
"672","50","326","2200","26","8","False","True"
"673","78","742","1790","37","3","False","False"
"674","46","1808","498","89","2","True","True"
"675","81","1409","911","1","2","True","True"
"676","14","1089","2928","95","7","True","False"
"677","45","1559","2033","59","4","False","True"
"678","94","1127","1568","97","2","False","True"
"679","44","1086","466","98","6","True","False"
"680","37","346","910","26","2","True","True"
"681","93","1383","354","25","10","True","False"
"682","73","155","60","79","3","False","False"
"683","51","1454","2736","74","7","True","False"
"684","67","1037","1132","52","9","True","False"
"685","76","1451","2565","48","7","False","True"
"686","38","1488","1005","75","6","True","False"
"687","41","219","1752","25","3","False","True"
"688","63","1996","787","98","5","True","False"
"689","94","1322","1472","7","9","False","False"
"690","14","922","2544","40","10","True","True"
"691","34","818","1051","26","8","False","True"
"692","95","1211","2856","23","8","True","True"
"693","66","532","880","36","1","False","False"
"694","32","1547","1640","61","6","True","True"
"695","25","494","2195","26","1","True","True"
"696","91","1873","467","11","3","False","False"
"697","4","1101","1723","4","4","True","False"
"698","36","45","1757","35","5","False","True"
"699","0","1852","1105","95","2","False","False"
"700","25","1523","504","7","6","True","True"
"701","32","1028","735","60","8","True","False"
"702","63","77","2665","50","10","True","False"
"703","86","1123","1786","13","4","False","True"
"704","94","1538","2517","97","10","True","False"
"705","81","1442","382","51","5","True","False"
"706","34","1423","1747","88","7","False","False"
"707","96","557","959","29","5","False","False"
"708","6","689","1132","43","1","False","False"
"709","94","498","1916","41","8","False","False"
"710","27","1225","2408","41","10","False","True"
"711","73","1264","953","46","9","True","False"
"712","16","1555","1539","78","10","True","True"
"713","36","113","1425","5","2","True","False"
"714","60","1231","1150","68","6","True","False"
"715","12","359","967","94","7","False","True"
"716","35","1439","2925","56","3","False","True"
"717","10","201","1245","59","1","False","True"
"718","93","940","840","15","6","False","True"
"719","41","1714","246","7","4","True","False"
"720","77","1941","0","14","7","True","False"
"721","93","702","436","88","5","False","False"
"722","28","1279","2459","23","10","False","True"
"723","83","1621","2110","16","5","True","False"
"724","56","325","1633","13","7","True","False"
"725","83","346","704","70","9","False","False"
"726","48","306","2068","81","9","True","False"
"727","39","1659","1923","82","8","True","True"
"728","75","794","2683","93","3","True","False"
"729","26","1053","590","31","7","True","True"
"730","95","395","1764","1","2","True","False"
"731","4","1163","1385","88","2","True","False"
"732","40","1635","2684","69","8","False","False"
"733","58","263","1346","43","5","True","False"
"734","82","1578","643","56","1","True","False"
"735","30","261","1698","19","5","False","False"
"736","26","1350","638","26","5","True","True"
"737","31","1544","1242","90","8","True","True"
"738","36","1065","2074","8","9","False","False"
"739","54","1831","498","47","10","True","False"
"740","11","350","2040","61","8","False","False"
"741","10","1682","1988","5","6","False","False"
"742","20","404","540","10","4","True","True"
"743","79","1969","419","69","10","False","False"
"744","44","1538","2662","63","9","False","False"
"745","38","722","766","31","2","False","True"
"746","91","804","47","97","2","False","True"
"747","94","1276","415","17","7","False","False"
"748","32","1969","2519","75","7","True","False"
"749","22","1356","860","78","10","False","False"
"750","23","1600","1840","14","3","True","True"
"751","41","1572","1611","34","9","False","False"
"752","3","1489","2352","24","5","True","False"
"753","2","1158","401","44","9","True","False"
"754","91","1472","2540","10","10","False","True"
"755","47","1572","2521","28","2","False","True"
"756","51","1490","2948","12","9","True","True"
"757","95","442","1194","42","5","False","False"
"758","94","330","1737","10","6","False","False"
"759","68","1189","1380","9","8","True","False"
"760","29","1527","268","89","7","True","True"
"761","15","1853","2155","79","10","True","False"
"762","2","1609","1261","55","4","False","True"
"763","81","903","1630","73","5","False","False"
"764","32","1698","62","24","9","False","False"
"765","53","1857","1455","65","4","True","True"
"766","55","499","1592","57","5","True","False"
"767","84","1365","617","79","6","True","True"
"768","99","1339","1822","44","3","False","False"
"769","68","605","1424","23","2","True","True"
"770","38","357","2856","57","10","False","True"
"771","71","1855","419","34","5","False","False"
"772","31","306","105","0","7","True","True"
"773","60","419","460","45","3","True","True"
"774","77","1644","2359","55","7","True","False"
"775","77","1008","2890","88","4","False","False"
"776","54","101","1264","92","8","False","True"
"777","16","1316","596","42","10","False","True"
"778","73","1092","2131","11","2","False","False"
"779","71","312","258","59","5","True","True"
"780","25","1298","2158","32","3","True","False"
"781","28","531","1749","18","4","False","False"
"782","8","1163","1993","12","3","False","False"
"783","97","1158","1565","23","3","True","False"
"784","35","173","1146","27","7","False","False"
"785","14","1901","237","97","2","False","False"
"786","52","1318","791","25","4","True","False"
"787","48","531","1323","83","2","False","False"
"788","35","1353","131","40","7","True","True"
"789","10","1505","2249","37","3","False","True"
"790","99","1288","1544","90","10","False","False"
"791","72","537","1993","50","9","False","False"
"792","29","1876","1424","51","8","True","False"
"793","27","1897","1960","40","7","True","True"
"794","13","1151","1924","77","4","True","True"
"795","74","1189","2100","88","4","True","False"
"796","56","1117","2562","58","2","True","False"
"797","33","563","2195","27","9","True","True"
"798","20","1560","512","90","2","True","True"
"799","86","1617","2270","44","6","True","False"
"800","26","1532","2482","73","5","False","True"
"801","68","1443","2717","82","1","False","False"
"802","21","1302","2839","6","8","True","True"
"803","85","1913","15","43","8","False","True"
"804","20","762","1172","94","10","True","True"
"805","81","218","232","13","9","True","False"
"806","54","1481","493","45","3","False","True"
"807","31","1994","886","62","3","False","True"
"808","14","968","792","68","10","False","False"
"809","15","1769","255","19","1","False","False"
"810","6","154","561","1","3","True","True"
"811","47","1853","2555","96","5","False","False"
"812","6","81","2425","85","4","False","True"
"813","91","818","2354","77","5","True","False"
"814","31","903","2877","46","10","True","True"
"815","96","361","314","29","4","True","False"
"816","17","1761","61","51","7","True","False"
"817","47","865","1424","52","2","False","False"
"818","99","401","2893","42","4","False","True"
"819","0","967","323","15","6","False","False"
"820","6","1005","1926","59","10","True","False"
"821","8","767","1897","86","10","False","True"
"822","17","496","1235","40","2","False","False"
"823","67","41","1236","81","4","False","False"
"824","75","713","966","41","6","False","False"
"825","29","1830","1223","1","7","True","False"
"826","22","313","1276","41","6","False","False"
"827","68","1095","2187","81","9","True","True"
"828","97","1761","2411","51","9","False","False"
"829","5","1954","1012","55","1","True","True"
"830","90","1573","1977","20","7","False","False"
"831","54","274","1386","49","8","True","False"
"832","78","841","2844","50","8","True","True"
"833","83","223","1779","24","9","False","False"
"834","32","851","2957","87","6","True","True"
"835","87","183","258","33","7","True","False"
"836","60","485","2172","91","5","True","True"
"837","98","1581","2695","75","9","True","True"
"838","67","973","1862","90","8","True","True"
"839","60","273","1206","25","8","True","True"
"840","83","1994","2460","81","2","False","True"
"841","31","965","1200","83","3","True","True"
"842","88","1365","326","48","7","True","False"
"843","56","782","933","57","3","False","True"
"844","51","706","675","69","7","False","False"
"845","33","1988","1484","12","6","False","False"
"846","95","1653","2029","81","7","False","True"
"847","31","1974","1318","1","1","False","True"
"848","37","1544","889","22","8","False","False"
"849","20","1315","997","30","9","True","False"
"850","80","1422","1862","41","1","False","True"
"851","71","126","474","88","3","True","False"
"852","14","553","581","42","6","False","False"
"853","37","757","2852","88","9","False","False"
"854","97","801","61","34","10","False","False"
"855","95","1013","2933","88","6","False","False"
"856","11","1894","2862","61","5","True","True"
"857","18","1234","473","59","5","True","False"
"858","77","438","846","69","9","True","False"
"859","58","868","2382","36","2","False","True"
"860","57","1488","337","66","10","True","False"
"861","65","674","2711","84","6","True","False"
"862","71","45","997","48","9","True","True"
"863","13","1461","282","31","4","True","False"
"864","4","1162","2787","89","4","False","True"
"865","80","832","124","40","4","False","False"
"866","5","75","302","69","8","True","False"
"867","88","939","702","82","3","False","False"
"868","4","306","851","13","3","False","False"
"869","59","1623","2007","17","8","False","True"
"870","78","253","2342","89","10","False","False"
"871","65","1199","2547","85","10","False","True"
"872","52","1395","2060","92","5","True","False"
"873","94","513","2756","39","6","False","False"
"874","38","649","573","61","9","False","True"
"875","68","1025","1172","29","10","True","True"
"876","34","428","235","82","5","False","True"
"877","25","1199","2427","53","2","True","False"
"878","85","351","259","78","9","True","True"
"879","86","1221","1847","17","1","False","False"
"880","86","1347","1308","18","8","False","False"
"881","25","307","2482","18","1","False","True"
"882","38","359","83","91","9","True","False"
"883","52","129","191","72","3","False","False"
"884","15","86","416","7","9","False","False"
"885","35","1305","2090","9","10","False","False"
"886","39","1533","982","63","4","True","True"
"887","17","1698","646","24","9","True","True"
"888","90","1538","2076","80","2","False","True"
"889","47","667","1673","7","5","False","False"
"890","73","1546","1247","77","9","True","False"
"891","19","1050","1775","37","6","True","False"
"892","44","227","611","53","6","False","True"
"893","63","1568","1496","48","9","False","False"
"894","90","12","2768","37","3","True","False"
"895","46","1383","2758","50","6","True","False"
"896","20","730","2812","14","9","True","True"
"897","82","1659","486","62","9","True","True"
"898","92","41","2582","17","8","True","True"
"899","65","1203","1189","55","10","False","False"
"900","46","1291","1047","30","2","False","False"
"901","68","1676","2326","50","10","False","True"
"902","27","1096","1576","52","5","True","True"
"903","89","1645","2900","63","8","True","True"
"904","48","1201","1068","4","8","True","False"
"905","5","248","2964","36","7","False","True"
"906","75","1961","600","61","5","True","False"
"907","34","638","846","72","2","True","True"
"908","16","659","2600","66","1","True","True"
"909","57","785","1768","60","4","True","False"
"910","94","934","2175","57","10","True","True"
"911","24","1980","592","95","10","True","False"
"912","46","974","393","34","3","True","True"
"913","39","1006","2022","67","6","False","True"
"914","38","373","1153","54","3","True","True"
"915","75","315","135","28","7","True","False"
"916","89","1908","595","99","7","True","False"
"917","87","1071","479","49","3","False","False"
"918","82","921","2239","65","8","True","True"
"919","78","1490","681","12","6","True","True"
"920","68","30","1323","14","1","True","True"
"921","8","974","2163","84","10","True","True"
"922","61","1180","2913","99","9","False","False"
"923","29","1548","2837","39","2","True","False"
"924","79","1291","326","77","2","False","False"
"925","51","286","80","52","2","False","False"
"926","59","1915","2474","61","2","True","True"
"927","29","1781","2793","82","5","True","False"
"928","92","1430","2853","40","1","False","True"
"929","8","1202","1087","35","1","False","False"
"930","93","1513","147","93","9","False","False"
"931","14","141","1308","39","1","False","False"
"932","8","412","1124","7","3","False","True"
"933","65","212","1751","86","3","True","False"
"934","0","1026","1044","18","1","False","False"
"935","80","258","669","36","6","False","False"
"936","7","1411","549","62","7","False","True"
"937","68","973","581","82","8","False","False"
"938","67","897","1781","2","6","False","True"
"939","51","80","2994","73","6","True","True"
"940","92","1524","2428","88","1","True","True"
"941","2","957","1839","68","10","True","False"
"942","85","253","1310","47","3","True","False"
"943","63","253","182","87","9","True","True"
"944","97","1511","2749","59","7","False","True"
"945","54","1842","2391","43","4","True","False"
"946","94","87","1104","68","9","False","False"
"947","63","41","647","44","4","True","True"
"948","30","375","2689","81","6","False","False"
"949","87","189","157","11","10","True","False"
"950","81","1527","2745","9","8","False","True"
"951","19","365","794","0","4","False","False"
"952","69","1611","360","91","4","True","True"
"953","67","1488","2396","5","10","False","False"
"954","3","996","2855","55","7","False","False"
"955","54","1567","1678","70","4","True","True"
"956","88","139","2658","64","6","True","True"
"957","56","743","2363","0","4","False","True"
"958","3","540","2094","37","4","True","True"
"959","48","1329","1777","75","9","True","True"
"960","43","760","152","68","2","True","True"
"961","84","303","2596","47","2","True","False"
"962","16","249","2471","39","3","False","True"
"963","12","1368","1278","75","1","True","True"
"964","30","1386","1745","5","2","False","True"
"965","82","164","113","81","6","True","True"
"966","61","46","2601","19","5","True","False"
"967","53","1600","2467","15","9","False","False"
"968","6","664","1773","0","10","True","True"
"969","66","962","1083","39","1","True","True"
"970","46","866","451","47","5","True","False"
"971","70","1873","2735","91","8","False","False"
"972","69","698","838","93","2","True","False"
"973","81","382","1477","6","5","True","False"
"974","25","1189","1639","22","6","True","True"
"975","85","1992","1421","94","10","True","True"
"976","50","974","1828","41","5","False","True"
"977","10","210","1108","67","6","False","False"
"978","60","53","635","70","2","True","True"
"979","80","6","1581","70","3","True","True"
"980","64","895","1286","8","7","False","True"
"981","85","30","1588","17","10","True","False"
"982","42","446","690","14","6","True","False"
"983","18","883","311","15","3","True","False"
"984","86","1491","37","81","3","False","False"
"985","78","1298","1174","53","2","False","True"
"986","89","114","1582","66","4","False","False"
"987","57","1428","491","19","4","True","False"
"988","90","288","1616","95","5","True","False"
"989","10","1820","932","14","4","True","False"
"990","84","244","2005","41","8","False","False"
"991","74","848","429","35","10","True","True"
"992","98","866","2681","25","3","False","True"
"993","2","288","2226","17","2","False","False"
"994","82","1373","1733","96","9","True","True"
"995","51","320","719","59","10","True","True"
"996","1","931","2097","9","8","False","False"
"997","94","44","798","84","5","False","True"
"998","90","895","948","40","9","False","True"
"999","71","379","1762","8","9","False","True"
"1000","25","1146","1969","86","6","False","True"
"1001","35","790","992","50","10","False","True"
"1002","12","1923","1451","3","3","False","True"
"1003","54","1121","2776","11","5","True","False"
"1004","40","804","659","74","10","False","True"
"1005","72","476","1647","80","7","False","True"
"1006","23","217","2447","57","1","True","True"
"1007","87","609","2028","50","10","False","False"
"1008","49","632","1365","13","6","True","False"
"1009","50","156","1914","50","9","False","True"
"1010","87","303","1703","12","5","False","True"
"1011","0","522","645","19","7","True","True"
"1012","58","1659","2365","82","9","True","False"
"1013","4","1564","337","5","2","True","True"
"1014","97","1980","1449","94","4","False","False"
"1015","99","1151","1896","11","8","False","False"
"1016","9","1181","2552","10","6","True","False"
"1017","6","1126","2222","52","4","False","False"
"1018","72","1509","1819","69","7","True","True"
"1019","32","1712","2487","80","9","True","True"
"1020","82","124","2921","5","9","True","True"
"1021","59","735","2926","44","4","True","False"
"1022","69","495","2869","8","7","True","False"
"1023","80","1560","1801","56","2","False","True"
"1024","99","1211","2117","88","7","False","True"
"1025","87","1828","262","34","6","False","False"
"1026","26","841","2792","11","3","True","True"
"1027","5","374","2467","71","7","False","False"
"1028","2","1532","1721","93","1","False","False"
"1029","51","764","1834","29","1","True","False"
"1030","25","1855","2039","72","5","True","False"
"1031","8","549","1751","1","6","True","True"
"1032","77","695","508","24","5","True","True"
"1033","31","496","2538","53","6","True","False"
"1034","40","434","302","25","4","False","False"
"1035","84","273","2527","30","9","False","True"
"1036","96","1107","2779","25","2","False","False"
"1037","55","1241","2845","8","7","False","False"
"1038","56","300","263","5","7","False","True"
"1039","45","1641","680","29","5","False","False"
"1040","57","849","546","81","5","True","True"
"1041","91","666","1734","15","3","True","False"
"1042","12","920","1502","58","8","True","True"
"1043","1","818","1186","98","3","True","False"
"1044","38","687","532","7","5","False","True"
"1045","30","515","1232","24","3","True","True"
"1046","59","347","855","52","1","False","True"
"1047","78","1599","2939","63","10","False","False"
"1048","21","922","1336","80","7","True","False"
"1049","99","315","1019","99","10","False","False"
"1050","14","911","1738","88","4","False","False"
"1051","58","1329","2751","62","1","False","True"
"1052","78","1855","188","10","2","True","False"
"1053","89","438","197","23","8","True","True"
"1054","54","149","1732","65","9","False","False"
"1055","60","1851","2357","12","2","True","True"
"1056","18","966","2196","32","8","False","False"
"1057","72","1090","137","10","5","False","True"
"1058","19","1460","340","52","7","True","False"
"1059","48","1493","169","81","4","True","False"
"1060","13","828","2793","97","3","False","False"
"1061","6","1165","226","12","5","True","False"
"1062","60","1989","1758","86","6","True","True"
"1063","42","851","2329","65","2","False","True"
"1064","91","1323","1574","87","7","False","True"
"1065","52","239","2911","46","10","False","False"
"1066","5","1845","1465","30","9","False","True"
"1067","23","906","2989","12","5","True","True"
"1068","87","1182","2837","55","10","True","True"
"1069","36","1329","390","48","6","True","False"
"1070","5","579","1466","35","3","True","False"
"1071","32","962","1495","64","5","False","False"
"1072","49","991","1216","27","4","False","False"
"1073","41","1308","299","26","6","True","True"
"1074","92","1801","66","69","6","False","True"
"1075","57","1231","351","36","4","False","True"
"1076","75","158","1973","14","2","True","True"
"1077","24","1929","1520","73","5","True","False"
"1078","33","608","1319","18","1","False","True"
"1079","87","1318","335","85","2","False","True"
"1080","64","1285","1134","59","8","True","True"
"1081","68","1006","1452","71","8","False","True"
"1082","66","185","2298","0","1","True","False"
"1083","5","970","1535","12","3","True","True"
"1084","19","788","1125","67","9","True","True"
"1085","50","1412","682","33","4","False","True"
"1086","99","632","1580","42","3","True","False"
"1087","40","1017","2726","60","10","False","True"
"1088","87","851","1001","81","7","False","True"
"1089","65","1545","1500","37","3","True","True"
"1090","58","391","785","49","9","False","False"
"1091","86","498","1347","8","7","True","True"
"1092","46","1727","2978","52","6","True","True"
"1093","57","442","311","94","6","True","True"
"1094","90","827","1639","33","3","False","True"
"1095","39","1846","822","31","2","False","False"
"1096","93","1310","1151","23","3","False","True"
"1097","26","1399","1945","68","10","False","True"
"1098","27","1788","1680","39","1","False","False"
"1099","55","531","2217","68","7","False","False"
"1100","69","967","2663","1","10","True","True"
"1101","38","1000","1246","92","2","False","False"
"1102","94","1870","856","46","10","False","False"
"1103","51","586","1876","21","9","True","True"
"1104","78","22","2208","28","2","False","False"
"1105","67","211","2751","80","4","False","False"
"1106","16","1609","712","25","7","True","True"
"1107","10","1109","2582","67","5","True","True"
"1108","44","1346","320","8","5","False","True"
"1109","78","794","707","35","4","False","True"
"1110","31","685","1464","61","5","True","False"
"1111","1","1330","394","52","8","True","False"
"1112","73","1629","1621","75","3","False","False"
"1113","94","1602","1912","55","9","True","False"
"1114","73","1906","1031","86","3","True","True"
"1115","70","751","2753","93","4","True","False"
"1116","15","640","561","72","4","True","True"
"1117","83","438","1771","21","1","True","True"
"1118","51","1781","2427","73","4","False","False"
"1119","91","936","445","80","10","False","False"
"1120","9","1184","501","22","2","False","True"
"1121","18","868","562","44","2","True","False"
"1122","28","1313","1877","21","5","False","True"
"1123","75","1783","2374","75","3","False","False"
"1124","52","735","75","16","5","True","False"
"1125","81","1865","2851","71","9","False","False"
"1126","33","1354","783","35","4","True","True"
"1127","61","666","875","43","3","False","True"
"1128","76","1456","1605","0","2","False","False"
"1129","52","1490","2843","30","7","False","True"
"1130","4","656","2368","36","1","True","False"
"1131","38","1488","516","90","5","True","False"
"1132","6","14","2893","40","2","True","True"
"1133","57","991","2928","44","1","True","False"
"1134","42","866","2558","59","10","False","False"
"1135","83","497","2122","52","5","False","True"
"1136","68","1006","2796","13","8","False","False"
"1137","39","1025","2240","68","9","False","True"
"1138","38","46","279","58","8","True","False"
"1139","52","1665","2075","50","1","True","False"
"1140","9","420","947","66","1","False","True"
"1141","3","931","560","56","7","False","True"
"1142","34","1872","1103","63","7","True","True"
"1143","3","1979","112","16","8","True","True"
"1144","3","1097","2425","27","4","True","True"
"1145","63","1635","1935","6","9","False","True"
"1146","64","963","406","75","2","False","False"
"1147","79","1724","1983","9","1","True","True"
"1148","55","666","2789","38","8","False","False"
"1149","82","395","626","5","7","False","False"
"1150","83","1122","141","99","7","False","False"
"1151","16","1547","2190","24","5","True","True"
"1152","92","1008","1555","49","5","False","False"
"1153","79","381","224","44","10","True","True"
"1154","79","266","2096","72","3","False","False"
"1155","18","556","2345","15","7","False","True"
"1156","20","436","372","45","8","False","False"
"1157","95","1801","1441","90","3","False","True"
"1158","15","28","2309","94","8","False","False"
"1159","51","1435","2474","16","8","True","True"
"1160","76","30","2603","78","1","True","False"
"1161","56","1000","538","8","10","True","False"
"1162","89","929","13","9","4","False","True"
"1163","74","1347","2030","90","1","False","True"
"1164","50","155","2069","15","8","False","True"
"1165","45","1189","294","53","3","True","True"
"1166","26","563","1302","74","2","False","False"
"1167","86","1152","1113","19","9","True","True"
"1168","82","325","1127","5","1","False","True"
"1169","15","1026","113","0","8","False","True"
"1170","5","842","450","94","1","False","True"
"1171","18","907","1027","36","8","True","False"
"1172","65","1947","522","7","4","False","True"
"1173","59","713","2784","60","2","False","True"
"1174","16","1371","1330","11","2","True","True"
"1175","58","1668","1246","17","1","True","False"
"1176","99","1545","1154","8","2","True","False"
"1177","48","531","430","18","10","False","True"
"1178","71","1525","1427","19","2","False","True"
"1179","27","1316","1787","95","5","False","True"
"1180","77","1001","801","60","10","True","True"
"1181","98","1090","1056","96","4","False","True"
"1182","51","193","2834","90","9","True","True"
"1183","77","695","1308","96","1","False","True"
"1184","85","1996","1943","51","9","True","True"
"1185","33","189","87","16","1","False","False"
"1186","71","355","1760","37","1","True","True"
"1187","84","579","2672","11","7","False","True"
"1188","94","533","1880","92","5","True","True"
"1189","42","984","2219","50","10","False","False"
"1190","0","913","258","49","2","False","True"
"1191","46","1411","2584","68","5","False","False"
"1192","26","1603","876","38","2","False","True"
"1193","53","893","929","71","4","False","True"
"1194","62","1440","327","88","8","True","False"
"1195","62","959","891","0","1","False","True"
"1196","35","920","745","8","8","True","True"
"1197","98","860","311","8","5","True","True"
"1198","91","1880","1042","17","6","False","False"
"1199","78","1757","282","18","5","False","True"
"1200","22","18","2673","16","2","False","True"
"1201","94","1791","1221","55","2","True","False"
"1202","89","818","2712","87","6","True","True"
"1203","91","1540","1994","95","1","True","True"
"1204","82","1396","2274","56","6","False","True"
"1205","71","335","2679","98","7","False","True"
"1206","81","390","1581","85","1","True","True"
"1207","45","363","615","38","10","True","True"
"1208","48","556","1076","7","5","False","True"
"1209","97","1720","2736","38","3","False","True"
"1210","33","791","2074","48","10","False","True"
"1211","16","1761","917","6","10","True","True"
"1212","69","106","1196","64","9","True","False"
"1213","17","610","2572","31","7","True","False"
"1214","57","1837","163","73","6","False","False"
"1215","86","490","1829","24","2","False","False"
"1216","28","1737","1149","26","9","True","True"
"1217","58","1088","2692","82","10","False","True"
"1218","97","1906","1507","1","1","True","True"
"1219","34","609","7","57","9","True","True"
"1220","7","1267","302","99","6","False","False"
"1221","80","1493","1502","98","8","False","False"
"1222","91","1331","236","69","1","False","False"
"1223","17","929","826","99","9","False","False"
"1224","23","1390","561","94","10","False","True"
"1225","28","1955","1544","32","2","False","True"
"1226","56","1396","2945","59","8","True","False"
"1227","19","848","434","53","6","False","False"
"1228","27","1118","239","6","7","True","True"
"1229","16","1687","602","26","3","False","True"
"1230","14","1443","1177","21","4","False","True"
"1231","48","1979","674","52","1","True","False"
"1232","84","1799","2834","41","8","True","False"
"1233","37","1736","88","23","7","True","False"
"1234","78","215","114","38","4","False","False"
"1235","77","1635","972","99","4","False","True"
"1236","78","332","2196","7","6","False","True"
"1237","37","1345","2997","15","2","False","False"
"1238","61","1329","2095","32","4","False","False"
"1239","61","1578","18","59","5","True","False"
"1240","56","124","1739","92","7","True","True"
"1241","69","553","1257","16","10","False","True"
"1242","67","156","649","14","10","True","True"
"1243","24","578","2111","36","5","False","True"
"1244","68","931","2132","41","8","False","True"
"1245","59","1245","2622","36","6","False","True"
"1246","55","1435","2158","60","9","False","False"
"1247","79","1479","512","54","10","False","True"
"1248","41","350","993","95","2","False","True"
"1249","97","719","842","51","1","True","False"
"1250","62","959","2562","86","10","True","True"
"1251","59","850","1075","94","8","False","True"
"1252","84","1158","600","77","1","True","False"
"1253","69","968","1746","97","3","True","True"
"1254","46","1441","2291","73","1","False","True"
"1255","12","952","700","12","1","False","True"
"1256","22","1799","349","76","3","False","True"
"1257","9","1521","883","94","8","True","False"
"1258","62","1512","556","91","3","False","False"
"1259","7","224","2146","76","10","True","True"
"1260","50","1783","2457","85","9","False","True"
"1261","26","1602","1077","62","7","True","True"
"1262","39","158","2614","5","4","True","False"
"1263","60","1463","2873","16","5","False","False"
"1264","13","1063","2324","91","2","True","True"
"1265","43","973","2364","70","2","False","False"
"1266","86","1331","1407","94","8","True","False"
"1267","36","1739","982","84","6","False","False"
"1268","66","1879","2230","35","7","False","True"
"1269","0","638","1494","86","1","False","True"
"1270","17","1316","2824","69","3","False","False"
"1271","56","485","2411","84","9","False","False"
"1272","38","961","1031","64","9","False","False"
"1273","17","1000","902","96","9","True","False"
"1274","54","304","1211","28","2","False","False"
"1275","92","1719","1326","6","2","True","False"
"1276","97","340","942","46","10","False","True"
"1277","99","702","9","44","3","True","False"
"1278","91","1608","731","74","8","False","False"
"1279","82","1882","2715","82","9","False","True"
"1280","2","1428","2324","17","3","False","False"
"1281","15","568","805","0","6","False","True"
"1282","31","693","870","88","7","False","True"
"1283","4","1764","2721","9","4","False","True"
"1284","85","245","2129","3","4","False","True"
"1285","18","164","2909","99","9","True","True"
"1286","37","849","2388","47","5","True","True"
"1287","99","1320","7","90","6","False","False"
"1288","85","84","1320","6","8","False","True"
"1289","40","1973","81","18","3","True","True"
"1290","42","851","1077","58","7","True","True"
"1291","31","232","156","18","4","False","True"
"1292","94","1426","2017","43","3","False","False"
"1293","51","1803","1629","19","9","False","True"
"1294","34","1008","699","31","6","False","True"
"1295","24","1641","27","34","8","True","True"
"1296","16","226","253","20","4","False","True"
"1297","18","474","2733","30","5","False","False"
"1298","60","1538","1671","24","10","False","True"
"1299","12","451","1811","56","9","False","True"
"1300","40","966","436","91","9","True","False"
"1301","78","1285","2551","61","4","True","False"
"1302","82","32","2438","54","2","True","False"
"1303","44","1231","1481","53","2","True","False"
"1304","60","419","1118","77","4","False","True"
"1305","59","85","2143","20","5","False","False"
"1306","49","1193","1024","2","7","True","False"
"1307","10","28","871","99","4","True","True"
"1308","21","878","834","53","5","False","False"
"1309","14","1494","2129","81","9","True","True"
"1310","56","1383","2461","20","3","False","True"
"1311","36","14","1441","92","8","True","True"
"1312","30","866","528","83","3","False","True"
"1313","68","71","1603","53","10","True","True"
"1314","45","1350","698","14","1","False","False"
"1315","66","1211","535","43","1","True","False"
"1316","53","632","2228","27","10","False","False"
"1317","35","1339","2581","87","4","False","False"
"1318","2","87","1568","63","3","True","True"
"1319","88","985","419","96","7","False","True"
"1320","44","1769","645","59","10","False","False"
"1321","55","367","2996","17","6","False","True"
"1322","5","252","1320","96","3","False","True"
"1323","8","1805","1185","89","8","False","False"
"1324","8","126","588","38","9","True","False"
"1325","93","107","1307","65","9","True","True"
"1326","64","667","1579","70","6","False","True"
"1327","38","1851","290","98","6","True","False"
"1328","40","1489","62","39","3","True","True"
"1329","23","1708","2025","38","9","True","True"
"1330","38","1559","2090","54","5","False","True"
"1331","46","590","1215","34","6","False","False"
"1332","61","1426","810","11","9","True","False"
"1333","40","150","363","56","4","True","False"
"1334","70","398","671","72","6","False","True"
"1335","90","750","2253","56","6","True","True"
"1336","39","53","1905","58","7","False","False"
"1337","68","549","261","50","6","True","True"
"1338","24","1479","54","73","7","False","False"
"1339","16","770","1936","23","1","True","True"
"1340","92","84","2503","78","2","True","True"
"1341","75","1455","2242","39","7","False","True"
"1342","63","45","2899","84","2","True","False"
"1343","74","20","1895","78","2","False","False"
"1344","92","879","1797","68","2","True","True"
"1345","10","266","1548","75","1","False","True"
"1346","45","1092","2030","45","5","True","True"
"1347","71","996","5","78","2","True","True"
"1348","46","1487","228","55","10","False","False"
"1349","8","516","1041","6","1","True","True"
"1350","84","1406","1867","94","2","True","False"
"1351","48","33","699","89","9","True","False"
"1352","39","406","1032","95","4","True","False"
"1353","43","695","2204","70","7","True","False"
"1354","27","1039","850","42","9","False","True"
"1355","65","610","365","83","8","True","False"
"1356","53","1959","1580","43","9","False","False"
"1357","15","150","2215","14","3","True","False"
"1358","27","141","456","5","3","False","False"
"1359","39","160","2807","3","4","False","False"
"1360","73","1831","1783","39","1","False","True"
"1361","82","804","1765","54","9","False","False"
"1362","2","917","223","17","2","True","False"
"1363","73","419","512","18","4","False","False"
"1364","78","1547","2876","27","7","False","True"
"1365","96","1697","591","22","7","False","False"
"1366","0","490","796","99","8","False","True"
"1367","77","239","1149","96","10","False","True"
"1368","33","1490","1479","6","7","True","True"
"1369","30","1049","158","49","1","True","False"
"1370","84","994","2341","59","6","True","True"
"1371","41","386","195","5","5","True","False"
"1372","95","515","2786","35","6","True","False"
"1373","2","564","2589","56","5","True","False"
"1374","31","1296","1568","87","4","False","False"
"1375","15","1440","1283","21","9","False","True"
"1376","42","652","2441","64","7","True","False"
"1377","75","1479","2199","16","1","True","True"
"1378","10","631","966","55","9","False","False"
"1379","71","1923","69","91","4","False","True"
"1380","72","1053","1559","22","7","True","True"
"1381","22","429","2710","51","9","False","True"
"1382","22","908","1914","97","4","True","True"
"1383","59","1843","2859","36","5","False","False"
"1384","37","1461","2483","92","1","False","True"
"1385","16","831","2791","82","5","False","True"
"1386","80","937","1462","21","9","True","False"
"1387","5","1932","1823","26","6","False","True"
"1388","52","664","1074","75","8","False","False"
"1389","47","273","1607","14","10","True","True"
"1390","46","741","2245","67","10","False","False"
"1391","72","1210","348","76","7","True","True"
"1392","9","1347","2920","27","1","False","False"
"1393","18","273","269","38","4","True","False"
"1394","10","696","455","73","10","False","False"
"1395","89","1883","216","91","10","True","True"
"1396","25","1082","2387","74","7","True","True"
"1397","82","1429","103","64","4","True","True"
"1398","67","610","470","85","3","False","False"
"1399","38","698","1396","81","9","True","False"
"1400","72","264","280","49","7","True","True"
"1401","24","1000","537","90","4","True","True"
"1402","41","1956","1363","56","8","False","True"
"1403","68","962","1255","14","6","True","False"
"1404","12","1146","177","54","2","True","True"
"1405","38","1243","678","88","5","False","True"
"1406","21","1605","2388","44","10","False","True"
"1407","72","1947","1150","9","5","True","False"
"1408","78","1152","697","44","7","False","False"
"1409","17","1356","885","27","2","False","False"
"1410","25","518","2565","56","10","False","True"
"1411","7","1585","2287","0","6","True","True"
"1412","52","1401","990","90","8","False","True"
"1413","65","350","634","94","5","False","True"
"1414","5","197","894","68","4","False","False"
"1415","67","555","1160","49","3","False","True"
"1416","52","156","2634","19","2","True","True"
"1417","36","1107","2264","22","5","True","False"
"1418","50","1342","747","91","9","True","False"
"1419","40","1691","1704","93","6","True","False"
"1420","50","1315","726","78","5","False","True"
"1421","74","952","654","18","4","True","True"
"1422","38","559","939","33","7","True","False"
"1423","32","1755","816","7","9","False","True"
"1424","19","390","373","40","4","False","False"
"1425","3","1430","1556","56","5","True","False"
"1426","90","219","751","10","7","False","False"
"1427","64","266","1153","29","8","True","False"
"1428","14","693","1651","72","7","True","False"
"1429","53","407","1528","7","10","True","True"
"1430","62","1409","1956","9","3","False","False"
"1431","11","882","2221","45","7","True","True"
"1432","19","1957","1866","10","1","True","False"
"1433","29","790","1646","99","4","True","False"
"1434","9","499","1711","30","7","False","False"
"1435","29","895","140","6","5","True","False"
"1436","33","54","300","24","4","False","True"
"1437","95","1947","2167","71","7","True","True"
"1438","27","1472","1860","3","3","False","True"
"1439","9","662","495","97","7","True","True"
"1440","89","1444","1016","29","6","False","True"
"1441","42","890","1820","36","3","True","True"
"1442","64","1078","2045","19","9","False","False"
"1443","89","1811","1296","45","3","True","True"
"1444","89","862","696","34","3","False","True"
"1445","49","1450","2804","37","2","False","False"
"1446","83","1742","1180","81","9","False","False"
"1447","65","974","817","98","7","True","True"
"1448","6","1197","129","41","8","False","False"
"1449","38","1880","667","35","10","False","False"
"1450","29","643","1294","96","2","True","True"
"1451","68","1266","2206","80","5","False","True"
"1452","13","269","215","93","8","True","True"
"1453","28","1714","2274","94","1","True","True"
"1454","30","352","2407","11","1","True","False"
"1455","91","354","914","12","2","True","False"
"1456","19","879","2546","38","8","True","True"
"1457","42","244","444","75","1","True","False"
"1458","1","1574","978","87","1","True","True"
"1459","66","1095","2866","11","2","True","True"
"1460","46","1572","553","59","3","False","True"
"1461","95","350","309","44","8","False","False"
"1462","77","210","2509","59","10","False","False"
"1463","43","1065","2545","45","2","False","False"
"1464","60","1208","814","92","6","False","False"
"1465","56","767","2271","33","4","True","False"
"1466","87","495","1930","12","6","True","True"
"1467","1","1302","1506","43","6","False","True"
"1468","47","22","2322","94","2","False","False"
"1469","20","1102","1329","43","5","True","False"
"1470","10","1412","610","68","8","False","False"
"1471","10","732","113","21","8","True","True"
"1472","35","1441","178","13","7","False","False"
"1473","25","304","2209","76","2","False","True"
"1474","19","436","496","50","3","True","True"
"1475","1","1296","1104","58","2","False","True"
"1476","15","1444","2114","10","4","True","True"
"1477","98","1879","1563","43","1","True","False"
"1478","26","217","1004","17","1","True","False"
"1479","77","1403","889","30","5","False","True"
"1480","77","429","2721","75","4","True","True"
"1481","43","960","538","23","5","True","False"
"1482","50","325","1086","27","8","False","True"
"1483","20","85","68","58","4","True","True"
"1484","96","1644","2371","4","3","True","True"
"1485","20","1979","2347","84","10","True","True"
"1486","92","876","159","15","8","False","False"
"1487","3","1959","1502","0","9","True","False"
"1488","64","1123","993","95","8","False","True"
"1489","53","278","265","18","2","True","True"
"1490","88","1501","1944","90","7","True","False"
"1491","94","227","281","97","9","False","True"
"1492","54","401","2316","43","1","False","True"
"1493","48","1883","599","92","7","False","True"
"1494","97","1882","2331","52","1","False","True"
"1495","86","1665","2344","92","4","False","False"
"1496","41","191","1767","3","7","False","False"
"1497","63","949","566","93","5","False","False"
"1498","53","1022","858","18","10","True","True"
"1499","67","1023","2487","46","9","False","True"
"1500","20","1256","702","15","1","True","True"
"1501","93","1216","800","17","9","False","True"
"1502","99","247","1952","15","9","False","True"
"1503","70","147","2942","60","6","True","True"
"1504","3","135","269","9","2","False","False"
"1505","26","1992","2806","95","7","True","False"
"1506","72","335","2878","38","6","False","False"
"1507","13","82","2906","68","4","False","False"
"1508","82","1925","2497","4","1","False","True"
"1509","25","1748","1707","90","3","True","True"
"1510","31","480","2604","18","5","True","True"
"1511","69","1321","1619","21","4","False","True"
"1512","94","840","418","94","9","False","True"
"1513","93","1071","423","0","5","False","True"
"1514","70","1205","1095","90","5","False","True"
"1515","63","951","25","19","3","True","False"
"1516","5","1513","2355","86","9","False","True"
"1517","74","878","701","13","7","False","True"
"1518","47","722","1235","54","10","False","True"
"1519","99","1040","2280","99","5","True","True"
"1520","48","892","1227","51","1","True","False"
"1521","31","14","2760","6","4","False","False"
"1522","65","1969","363","46","3","True","False"
"1523","13","1527","2637","21","3","True","True"
"1524","14","917","1950","0","4","False","False"
"1525","33","1238","2413","56","6","False","False"
"1526","52","1081","2768","55","8","True","False"
"1527","77","1457","351","3","2","False","False"
"1528","68","1504","1855","58","6","True","True"
"1529","33","1489","438","85","7","False","True"
"1530","56","464","895","9","3","True","False"
"1531","9","1121","11","91","1","False","False"
"1532","10","136","1571","94","1","True","False"
"1533","16","1457","2017","13","10","True","True"
"1534","9","1205","76","75","8","True","False"
"1535","74","1101","2054","76","9","True","True"
"1536","8","41","2855","52","7","False","False"
"1537","57","1810","781","83","5","False","False"
"1538","8","475","115","36","7","False","False"
"1539","39","1783","804","64","8","False","False"
"1540","31","1801","882","80","4","False","False"
"1541","79","1719","2076","86","8","False","False"
"1542","66","1994","2602","60","6","True","True"
"1543","81","719","1302","55","1","False","False"
"1544","52","1989","1527","95","5","False","False"
"1545","38","631","1158","38","4","True","False"
"1546","26","1994","2458","41","9","True","False"
"1547","31","752","258","80","8","False","True"
"1548","29","1131","1188","18","4","False","True"
"1549","7","1979","1380","56","3","True","True"
"1550","15","473","685","40","6","False","False"
"1551","3","583","94","5","5","True","False"
"1552","4","961","466","99","4","False","False"
"1553","44","412","1646","11","3","False","False"
"1554","43","81","2278","72","3","False","False"
"1555","14","1774","917","27","10","True","True"
"1556","75","294","404","15","9","False","False"
"1557","23","331","1744","47","5","False","False"
"1558","52","61","1521","17","6","False","False"
"1559","27","249","944","16","2","False","True"
"1560","46","1422","2826","49","1","False","True"
"1561","91","917","2843","97","2","False","True"
"1562","27","1385","2207","18","9","True","True"
"1563","82","1611","1973","19","5","True","False"
"1564","5","1441","1252","99","5","True","False"
"1565","94","407","2165","7","2","False","False"
"1566","48","39","1514","52","4","False","False"
"1567","83","1281","2607","39","2","False","True"
"1568","64","742","2060","30","5","True","True"
"1569","45","683","2507","57","5","True","False"
"1570","24","1764","1862","8","2","False","False"
"1571","39","689","250","72","7","False","False"
"1572","61","363","2020","2","8","False","True"
"1573","41","593","281","74","2","False","False"
"1574","20","702","2444","98","7","False","False"
"1575","25","1280","2747","64","5","True","False"
"1576","15","605","2105","7","9","True","False"
"1577","13","1053","782","34","7","True","False"
"1578","84","1828","191","63","10","True","True"
"1579","15","1716","487","72","1","True","False"
"1580","30","1915","2901","58","2","False","True"
"1581","42","1769","805","75","1","True","False"
"1582","16","241","2533","69","8","False","False"
"1583","78","154","349","67","8","True","False"
"1584","50","652","2336","87","10","False","False"
"1585","99","1100","2370","26","9","True","False"
"1586","60","1457","233","21","9","False","False"
"1587","20","1959","1651","27","7","False","False"
"1588","87","274","2486","92","3","True","True"
"1589","55","659","2575","7","3","False","False"
"1590","70","1746","595","56","10","False","False"
"1591","25","286","48","94","8","True","False"
"1592","5","949","1010","63","3","False","False"
"1593","96","378","422","25","8","True","True"
"1594","58","916","29","29","6","False","False"
"1595","66","245","2678","76","8","False","False"
"1596","71","614","2151","4","7","False","True"
"1597","80","1479","674","89","6","True","False"
"1598","86","1018","1690","72","9","False","True"
"1599","20","1937","2776","40","2","True","False"
"1600","43","412","2011","15","4","True","False"
"1601","9","1","1288","6","8","False","True"
"1602","31","1364","2640","64","4","False","False"
"1603","22","1975","2757","21","6","True","True"
"1604","12","1811","2266","18","5","True","False"
"1605","74","752","1438","48","2","False","True"
"1606","36","1574","839","89","7","True","False"
"1607","33","212","2246","25","4","True","True"
"1608","53","1943","1332","86","3","True","False"
"1609","50","1198","1310","17","3","False","False"
"1610","68","1354","553","44","10","True","True"
"1611","76","1460","597","13","7","False","True"
"1612","81","972","1403","5","3","False","True"
"1613","12","1491","448","55","2","True","True"
"1614","47","1504","1176","13","1","True","False"
"1615","24","232","2747","26","9","False","False"
"1616","4","1163","369","16","5","True","False"
"1617","51","1669","221","32","8","False","False"
"1618","15","1988","2310","61","9","True","True"
"1619","39","1989","1510","51","6","False","False"
"1620","20","674","2160","34","8","True","True"
"1621","25","1940","54","5","4","True","True"
"1622","32","1974","982","37","1","False","False"
"1623","60","173","2375","69","8","False","True"
"1624","5","764","1133","18","3","True","True"
"1625","65","1942","931","99","8","True","False"
"1626","3","1403","1098","87","1","True","False"
"1627","65","1385","1672","60","9","False","False"
"1628","91","12","575","56","7","True","False"
"1629","80","985","977","31","8","False","True"
"1630","16","1975","2483","54","4","False","True"
"1631","32","1243","2574","52","9","False","True"
"1632","85","1352","1756","81","1","False","True"
"1633","73","885","556","40","8","False","False"
"1634","61","1089","1626","19","9","False","False"
"1635","44","320","634","74","8","False","False"
"1636","91","1433","1090","3","8","False","True"
"1637","79","42","2305","91","10","False","True"
"1638","31","1436","1580","16","8","True","True"
"1639","90","1713","2354","95","9","False","True"
"1640","20","1439","1771","72","8","True","False"
"1641","54","1788","1129","39","2","True","True"
"1642","84","1852","2614","42","9","True","False"
"1643","7","98","971","97","4","True","False"
"1644","71","498","182","54","1","True","False"
"1645","14","502","2963","24","9","False","False"
"1646","34","841","2950","83","10","True","True"
"1647","83","419","681","6","1","True","False"
"1648","18","677","921","37","4","False","True"
"1649","90","584","5","9","7","True","False"
"1650","37","300","2027","57","3","True","False"
"1651","91","1872","2630","45","4","True","False"
"1652","25","1275","1087","62","10","True","False"
"1653","98","1212","1623","97","2","True","False"
"1654","2","1122","2884","31","3","True","False"
"1655","55","391","2840","31","5","False","False"
"1656","59","1026","2296","8","6","False","True"
"1657","78","335","2575","90","1","False","False"
"1658","45","1697","571","31","5","True","False"
"1659","86","1574","2907","73","7","True","False"
"1660","33","1411","2227","12","4","True","True"
"1661","79","1555","404","10","10","False","False"
"1662","40","704","750","52","5","True","False"
"1663","64","1643","734","74","3","True","False"
"1664","28","1225","2776","14","7","True","False"
"1665","13","1742","1612","24","7","True","False"
"1666","65","1765","821","42","8","True","False"
"1667","6","962","1010","9","2","True","True"
"1668","36","167","1306","26","9","False","True"
"1669","80","77","1521","61","4","True","True"
"1670","4","1146","444","72","3","True","True"
"1671","36","1422","2722","27","5","True","True"
"1672","62","1391","2993","18","5","False","True"
"1673","65","294","2477","12","2","True","False"
"1674","50","1882","475","77","4","False","False"
"1675","43","1537","1345","28","2","True","True"
"1676","82","666","1051","7","10","False","True"
"1677","71","1783","792","70","3","False","False"
"1678","47","1447","2690","16","8","True","True"
"1679","18","1524","1796","80","1","True","True"
"1680","10","540","2310","30","8","True","True"
"1681","50","1301","1176","66","9","True","True"
"1682","67","1574","1667","37","6","True","True"
"1683","33","1837","1686","52","8","False","True"
"1684","70","1352","411","34","2","False","True"
"1685","0","952","531","27","1","True","False"
"1686","19","1281","1180","58","10","True","True"
"1687","48","1947","1212","14","10","True","True"
"1688","26","1266","835","73","10","False","False"
"1689","84","71","42","79","8","True","True"
"1690","66","595","673","91","1","True","False"
"1691","58","1597","569","66","4","True","False"
"1692","11","304","1908","54","9","True","False"
"1693","14","154","1716","64","7","True","False"
"1694","92","1364","429","93","5","True","True"
"1695","85","351","2080","25","8","False","False"
"1696","46","440","182","37","4","False","True"
"1697","10","799","2670","50","3","False","True"
"1698","46","952","455","91","10","True","False"
"1699","81","1524","1482","24","10","False","False"
"1700","78","1689","2958","6","2","False","False"
"1701","85","1197","2959","57","7","False","True"
"1702","18","1868","618","25","7","True","False"
"1703","27","643","1793","39","4","False","False"
"1704","15","1542","485","7","1","True","True"
"1705","79","1165","2403","21","7","False","False"
"1706","67","179","2533","48","10","True","False"
"1707","83","846","1367","94","4","False","True"
"1708","72","1512","1519","19","5","True","False"
"1709","86","379","1904","55","3","True","True"
"1710","32","1026","1989","3","5","False","True"
"1711","27","1095","252","70","5","True","True"
"1712","99","1377","844","97","10","False","False"
"1713","42","1557","2479","30","6","True","False"
"1714","32","1873","2052","99","6","False","True"
"1715","8","1302","1198","7","4","True","False"
"1716","86","743","1235","81","6","False","True"
"1717","13","752","2302","76","2","False","True"
"1718","67","1280","1663","59","7","False","False"
"1719","32","565","2912","16","8","False","False"
"1720","83","1444","4","13","8","False","True"
"1721","28","139","1644","27","9","True","True"
"1722","11","1617","2557","18","9","False","False"
"1723","15","721","2526","15","8","True","False"
"1724","93","1530","1893","94","2","False","True"
"1725","52","1205","2097","73","6","False","True"
"1726","34","682","2504","44","3","False","False"
"1727","34","1998","187","31","6","True","True"
"1728","93","1632","2157","11","4","False","False"
"1729","1","185","975","89","1","True","False"
"1730","22","1499","101","95","3","True","False"
"1731","93","220","541","51","2","True","False"
"1732","65","310","1368","48","6","False","True"
"1733","28","334","2232","74","8","True","True"
"1734","90","1451","1756","39","5","False","False"
"1735","41","1315","1563","92","7","False","False"
"1736","46","294","2581","51","9","True","False"
"1737","81","81","2405","9","9","True","True"
"1738","4","1131","1658","74","10","True","True"
"1739","3","1364","1114","45","6","False","True"
"1740","94","1117","1733","9","8","True","True"
"1741","39","1287","59","3","4","True","True"
"1742","36","693","1942","72","8","False","False"
"1743","12","1210","2125","89","6","True","True"
"1744","78","388","1060","5","2","True","False"
"1745","14","1330","2856","18","9","True","True"
"1746","58","665","2319","30","7","True","False"
"1747","54","189","1527","31","5","True","False"
"1748","74","50","1590","8","2","True","True"
"1749","83","1665","899","63","4","False","False"
"1750","82","309","69","44","3","True","False"
"1751","56","1885","1420","88","6","False","False"
"1752","72","1339","2255","99","8","True","False"
"1753","40","1669","2757","56","7","False","True"
"1754","98","906","1944","41","10","False","True"
"1755","15","741","2711","77","8","False","False"
"1756","91","1862","1491","16","5","False","True"
"1757","93","1450","2277","69","9","True","True"
"1758","75","1266","2308","74","4","True","False"
"1759","75","1746","1422","81","7","False","True"
"1760","84","6","20","39","3","True","False"
"1761","23","1013","1193","67","5","False","True"
"1762","4","1126","824","4","5","True","False"
"1763","1","334","2136","71","1","False","False"
"1764","43","101","1020","35","8","True","True"
"1765","34","1152","631","15","4","True","False"
"1766","81","843","1639","12","8","True","False"
"1767","47","1263","121","82","1","True","False"
"1768","20","1812","885","63","3","True","True"
"1769","37","1443","2967","43","4","False","True"
"1770","98","303","2420","29","8","False","False"
"1771","93","838","511","77","10","False","True"
"1772","37","1042","7","3","7","True","True"
"1773","78","361","832","66","4","True","False"
"1774","91","841","123","76","5","True","True"
"1775","48","1540","1107","30","5","False","True"
"1776","23","601","656","13","3","False","False"
"1777","23","273","2595","79","6","True","False"
"1778","73","123","506","38","10","False","True"
"1779","70","305","64","38","3","False","True"
"1780","81","1893","864","87","3","True","True"
"1781","68","920","168","51","3","False","True"
"1782","8","1329","2604","97","5","True","True"
"1783","30","1957","993","89","8","True","True"
"1784","32","1801","70","76","9","False","False"
"1785","44","836","2992","31","4","False","False"
"1786","17","1008","1894","61","9","False","True"
"1787","39","1266","1252","27","8","True","True"
"1788","55","913","1078","25","7","True","True"
"1789","8","1585","506","85","9","True","False"
"1790","18","1504","2984","87","7","True","True"
"1791","49","1925","261","47","1","False","False"
"1792","30","1902","1315","0","7","True","False"
"1793","24","1935","1824","99","3","True","True"
"1794","51","81","597","20","5","False","True"
"1795","1","135","2603","72","4","False","True"
"1796","8","1944","669","60","7","True","False"
"1797","96","1138","2476","56","3","False","False"
"1798","59","114","2631","53","3","True","False"
"1799","16","574","2062","4","2","True","True"
"1800","79","1669","177","29","3","True","True"
"1801","47","1221","1439","95","5","True","False"
"1802","20","267","1579","23","3","False","True"
"1803","35","1198","1028","14","3","True","False"
"1804","54","640","176","47","1","False","False"
"1805","61","1968","288","11","9","True","True"
"1806","85","69","2849","98","4","True","False"
"1807","34","1356","1700","68","9","True","False"
"1808","59","1243","725","19","8","True","False"
"1809","90","1746","267","59","1","False","True"
"1810","59","925","405","43","7","False","False"
"1811","73","1165","613","92","9","False","True"
"1812","50","55","244","90","5","False","True"
"1813","51","1686","176","90","8","False","False"
"1814","41","1017","99","58","10","False","False"
"1815","85","993","1717","11","8","False","True"
"1816","9","970","34","93","3","True","True"
"1817","71","693","621","26","3","False","False"
"1818","31","1602","2774","95","7","False","True"
"1819","29","1217","2959","19","9","True","True"
"1820","50","1162","1781","69","4","False","False"
"1821","38","1472","284","70","10","True","True"
"1822","30","1","2161","75","4","False","True"
"1823","3","1804","2693","13","9","False","False"
"1824","13","1233","460","58","1","True","False"
"1825","14","1973","2203","39","3","False","False"
"1826","71","1923","1829","89","5","False","True"
"1827","48","305","1197","57","8","False","False"
"1828","7","224","2186","41","10","False","False"
"1829","35","636","464","36","6","True","False"
"1830","54","1161","116","97","10","False","True"
"1831","45","1210","1425","88","4","False","False"
"1832","99","1419","2045","60","9","False","False"
"1833","29","197","82","34","3","True","False"
"1834","86","1659","1113","16","5","False","False"
"1835","7","768","341","90","1","True","True"
"1836","79","1519","1003","40","4","True","False"
"1837","86","160","956","21","3","False","True"
"1838","23","1015","1751","61","3","True","True"
"1839","59","1644","2313","81","4","False","True"
"1840","8","494","1802","86","5","True","False"
"1841","97","939","1021","29","10","False","True"
"1842","37","1166","1675","31","7","True","True"
"1843","29","570","2139","69","3","False","True"
"1844","1","601","1710","56","3","False","False"
"1845","59","485","1979","42","4","True","True"
"1846","89","428","2075","85","5","True","False"
"1847","0","215","2893","26","10","True","False"
"1848","92","1525","2287","73","2","False","False"
"1849","59","730","30","49","3","True","False"
"1850","98","1606","2610","15","2","True","False"
"1851","44","341","1061","52","10","True","True"
"1852","33","1857","465","22","4","False","True"
"1853","91","1578","477","98","8","True","True"
"1854","54","54","2972","48","9","False","False"
"1855","1","763","616","94","4","True","True"
"1856","26","721","426","23","4","False","False"
"1857","93","1573","2118","33","4","True","True"
"1858","50","682","2401","40","5","False","True"
"1859","34","556","130","25","7","True","True"
"1860","96","695","2867","35","2","False","True"
"1861","20","1720","455","39","7","False","True"
"1862","61","1197","1923","9","8","False","False"
"1863","87","1126","2408","45","5","True","False"
"1864","32","428","2983","67","9","True","False"
"1865","24","1279","2302","68","10","False","False"
"1866","24","1089","57","47","5","False","False"
"1867","48","189","173","1","4","False","True"
"1868","46","1212","1808","46","4","True","False"
"1869","24","1761","2289","24","1","False","True"
"1870","45","1994","2905","15","3","False","False"
"1871","80","1542","628","65","5","False","True"
"1872","98","1021","709","57","10","False","False"
"1873","28","690","1057","53","9","True","False"
"1874","72","1852","494","79","7","False","False"
"1875","96","1695","267","66","4","True","False"
"1876","57","680","995","91","8","True","True"
"1877","41","672","302","87","10","True","True"
"1878","12","1123","385","65","3","False","False"
"1879","79","401","2921","23","2","True","True"
"1880","66","472","828","37","8","False","False"
"1881","75","1858","2762","88","10","True","True"
"1882","80","390","1482","58","3","False","True"
"1883","81","61","2932","49","4","True","False"
"1884","41","129","273","45","4","True","True"
"1885","9","1781","437","35","7","False","False"
"1886","41","1766","60","78","7","True","False"
"1887","12","75","2058","70","3","False","False"
"1888","16","515","1040","1","8","False","False"
"1889","79","1415","1265","55","9","False","False"
"1890","91","1898","1151","11","5","False","False"
"1891","18","1394","1627","81","10","True","True"
"1892","97","122","2147","48","1","True","True"
"1893","96","1555","1713","57","9","True","True"
"1894","27","137","492","38","8","True","False"
"1895","21","1988","1981","29","2","True","True"
"1896","58","1485","1010","26","3","True","False"
"1897","46","1000","1480","86","6","True","False"
"1898","8","1986","227","13","2","False","False"
"1899","50","1153","2377","51","3","True","True"
"1900","0","1010","2714","11","1","True","False"
"1901","90","881","301","34","8","True","True"
"1902","61","1008","363","61","2","True","False"
"1903","10","1550","461","20","7","False","False"
"1904","14","985","1670","19","5","False","False"
"1905","36","321","2063","43","7","False","True"
"1906","97","1377","395","75","10","False","False"
"1907","97","347","2784","65","2","False","False"
"1908","57","1846","2783","31","6","False","True"
"1909","83","1094","541","51","10","False","False"
"1910","70","1505","1649","71","7","True","False"
"1911","31","692","1276","92","3","True","False"
"1912","76","741","2970","63","10","False","False"
"1913","55","1458","1867","81","2","False","False"
"1914","73","13","2597","81","10","True","False"
"1915","57","1089","194","58","8","False","False"
"1916","46","1021","15","92","1","False","True"
"1917","62","53","2161","34","9","False","True"
"1918","23","574","2960","51","8","True","False"
"1919","22","1676","2731","13","2","False","True"
"1920","26","708","1228","78","3","False","False"
"1921","24","659","2610","13","5","True","True"
"1922","98","1348","2462","33","6","True","False"
"1923","64","304","2602","94","9","True","False"
"1924","21","1017","219","7","10","False","True"
"1925","17","331","1455","10","2","True","True"
"1926","6","10","1680","34","6","False","True"
"1927","80","1492","2802","49","9","False","False"
"1928","37","1807","2151","93","1","False","False"
"1929","88","464","430","28","6","True","True"
"1930","51","995","818","69","1","True","True"
"1931","69","674","57","44","7","True","False"
"1932","47","1829","2322","2","1","False","False"
"1933","61","1414","1239","0","5","True","True"
"1934","66","244","1242","28","5","True","False"
"1935","14","1233","2564","18","7","True","True"
"1936","79","1101","2322","14","5","True","False"
"1937","67","878","1616","59","2","False","True"
"1938","11","907","1398","87","7","False","True"
"1939","90","45","2144","75","3","False","False"
"1940","48","922","1432","52","7","True","True"
"1941","75","940","734","9","7","False","True"
"1942","99","850","2989","63","5","False","False"
"1943","69","1556","1471","48","1","False","False"
"1944","63","122","288","61","2","True","True"
"1945","53","357","296","67","6","True","False"
"1946","6","253","861","29","5","True","True"
"1947","87","993","317","20","1","True","True"
"1948","41","1781","1620","30","7","False","False"
"1949","87","753","885","7","8","False","False"
"1950","50","1519","1310","91","5","True","True"
"1951","74","1015","1185","32","4","False","True"
"1952","45","823","298","77","3","True","True"
"1953","92","1458","843","37","3","False","True"
"1954","45","1480","2573","5","4","True","False"
"1955","56","347","218","5","5","False","False"
"1956","95","1358","677","99","3","False","False"
"1957","89","1415","1428","71","5","True","True"
"1958","96","88","103","68","10","False","True"
"1959","43","1088","1079","97","1","False","True"
"1960","12","467","205","23","9","False","False"
"1961","65","792","1701","66","10","True","False"
"1962","89","307","2548","56","4","False","True"
"1963","70","966","1654","98","10","False","True"
"1964","86","743","2975","61","8","True","True"
"1965","14","950","2021","7","4","False","True"
"1966","56","1305","2383","64","1","False","True"
"1967","82","49","1595","63","9","True","True"
"1968","34","1967","847","67","1","False","False"
"1969","52","102","2005","0","3","False","True"
"1970","5","1870","1833","80","9","False","False"
"1971","6","820","1080","81","7","True","False"
"1972","30","354","106","58","7","False","False"
"1973","3","323","2142","42","8","False","True"
"1974","53","475","1977","15","4","True","True"
"1975","22","1497","2457","84","3","True","False"
"1976","97","1443","1415","4","7","True","False"
"1977","96","681","296","1","8","True","True"
"1978","53","640","2850","10","1","False","False"
"1979","67","970","1911","56","2","False","False"
"1980","42","1440","1211","44","9","False","False"
"1981","83","799","1059","30","9","True","True"
"1982","13","1613","2688","57","8","True","True"
"1983","13","1504","1316","29","4","True","True"
"1984","37","1461","1823","96","10","True","False"
"1985","3","788","499","6","7","False","True"
"1986","32","1915","2534","3","2","False","True"
"1987","0","464","1951","30","5","True","True"
"1988","47","1413","604","14","6","False","False"
"1989","5","742","2153","61","3","False","False"
"1990","78","398","1060","35","10","True","False"
"1991","72","1821","133","13","3","False","True"
"1992","10","485","2766","2","1","True","True"
"1993","70","1676","859","84","4","False","False"
"1994","31","1519","84","78","2","False","False"
"1995","24","1005","36","77","6","True","True"
"1996","59","382","2091","85","5","True","False"
"1997","95","834","2000","92","10","False","False"
"1998","95","1288","72","8","10","True","False"
"1999","84","1126","1959","94","8","True","True"
