"0","Where economic","Campaign that various floor itself news experience.","277.25","false","poetry","2004-12-24 10:06:01","point.jpeg"
"1","Movie end discussion budget","Common increase design they young.","3.94","false","fiction","1978-04-16 04:53:14","if.jpeg"
"2","Brother say grow","Produce develop story drive million push do pick expert commercial.","414.01","false","drama","2009-11-02 23:09:43","prove.jpeg"
"3","Speech theory","Wish member baby share sit simple.","291.98","true","nonfiction","2019-11-07 21:24:51","cause.jpeg"
"4","Service government opportunity","Material truth pattern ago other majority final when new clear these.","414.94","false","drama","2017-12-03 14:01:20","thus.jpeg"
"5","Else page","Start size himself arrive although risk.","492.31","false","poetry","2015-06-27 23:37:46","she.jpeg"
"6","Employee public figure","Of around piece government make article drop actually.","484.83","false","fiction","1974-04-01 02:29:32","hair.jpeg"
"7","Career two large center","Computer forget would section him important enough.","272.94","false","fiction","2008-06-06 09:39:00","will.jpeg"
"8","Important hope about","Perform product style record bag down.","424.22","true","fiction","1981-06-28 15:22:15","situation.jpeg"
"9","Collection bad until our per","Report past always future scene heavy personal threat many.","183.37","true","poetry","1986-01-26 10:01:48","movement.jpeg"
"10","Class send front sound","Address morning explain light alone mother need various.","19.58","false","fiction","1997-06-23 23:26:33","half.jpeg"
"11","Anything event yet effect","Reflect upon yet seven several might history strong economy break.","168.31","false","nonfiction","1980-06-01 05:20:27","give.jpeg"
"12","Once anything","Weight guy personal follow situation over.","87.00","true","fiction","2000-01-27 04:58:45","car.jpeg"
"13","Upon we lose water","Section could nature interest wear community college.","337.81","true","fiction","2004-04-17 01:53:49","project.jpeg"
"14","Painting senior entire expect investment","Watch Mrs never wrong couple site social.","432.00","true","poetry","1994-07-25 05:59:57","majority.jpeg"
"15","No in","Sometimes set tonight gun word citizen create great record affect same.","292.30","false","nonfiction","2021-08-03 01:10:05","with.jpeg"
"16","Back large season last","Time special beyond could key assume interview house even join.","387.99","false","drama","1976-03-02 14:27:10","food.jpeg"
"17","Manage several","Several hit simple personal home they.","19.74","false","drama","2008-09-15 07:38:30","card.jpeg"
"18","Report foreign agency list miss","Bank ten guess attorney response.","343.69","false","fiction","1991-05-28 17:47:19","without.jpeg"
"19","Fire town","Image central challenge term memory clear throughout.","466.61","true","fiction","2007-10-07 06:40:43","rock.jpeg"
